latitude,longitude,bright_ti4,scan,track,acq_date,acq_time,satellite,instrument,confidence,version,bright_ti5,frp,daynight,type
32.21179,-101.9374,334.03,0.59,0.7,2025-08-11,738,N20,VIIRS,n,2,280.16,4.09,N,2
32.21207,-101.94379,314.24,0.59,0.7,2025-08-11,738,N20,VIIRS,n,2,279.5,4.09,N,0
32.25425,-101.86212,299.16,0.58,0.7,2025-08-11,738,N20,VIIRS,n,2,282.13,1.59,N,0
32.33065,-101.83242,311.36,0.58,0.7,2025-08-11,738,N20,VIIRS,n,2,286.63,2.3,N,2
32.24976,-101.85852,301.6,0.4,0.6,2025-08-11,918,N20,VIIRS,n,2,273.44,0.96,N,0
32.2485,-101.85883,309.06,0.43,0.46,2025-08-12,859,N20,VIIRS,n,2,286.08,1.38,N,0
32.32354,-101.81445,298.74,0.43,0.46,2025-08-12,859,N20,VIIRS,n,2,266.02,0.4,N,2
32.25153,-101.85809,310.48,0.4,0.37,2025-08-13,841,N20,VIIRS,n,2,291.71,1.28,N,0
32.44048,-101.80584,304.87,0.49,0.49,2025-08-15,803,N20,VIIRS,n,2,293.07,0.67,N,0
